{
    "AMIGA": "AMIGA",
    "AMIGACD": "AMIGACD",
    "AMIGACDTV": "AMIGACDTV",
    "ARDUBOY": "ARDUBOY",
    "ATARI2600": "ATARI2600",
    "ATARI5200": "ATARI5200",
    "ATARI7800": "ATARI7800",
    "ATARI800": "ATARI800",
    "ATARIST": "ATARIST",
    "ATOMISWAVE": "ATOMISWAVE",
    "C64": "C64",
    "CANNONBALL": "CANNONBALL",
    "CHAILOVE": "CHAILOVE",
    "CHANNELF": "CHANNELF",
    "COLECO": "COLECO",
    "COLSGM": "COLSGM",
    "CPC": "CPC",
    "CPET": "CPET",
    "CPLUS4": "CPLUS4",
    "CPS1": "CPS1",
    "CPS2": "CPS2",
    "CPS3": "CPS3",
    "DAPHNE": "DAPHNE",
    "DC": "DC",
    "DOS": "DOS",
    "EASYRPG": "EASYRPG",
    "ENTERPRISE": "ENTERPRISE",
    "FBNEO": "FBNEO",
    "FC": "FC",
    "FDS": "FDS",
    "GB": "GB",
    "GBA": "GBA",
    "GBC": "GBC",
    "GG": "GG",
    "GW": "GW",
    "INTELLIVISION": "INTELLIVISION",
    "LOWRESNX": "LOWRESNX",
    "LUTRO": "LUTRO",
    "LYNX": "LYNX",
    "MAME": "MAME",
    "MAME2003PLUS": "MAME2003PLUS",
    "MAME2010": "MAME2010",
    "MD": "MD",
    "MDMSU": "MDMSU",
    "MEGADUCK": "MEGADUCK",
    "MS": "MS",
    "MSX": "MSX",
    "MSX2": "MSX2",
    "N64": "N64",
    "N64DD": "N64DD",
    "NAOMI": "NAOMI",
    "NDS": "NDS",
    "NEOCD": "NEOCD",
    "NEOGEO": "NEOGEO",
    "NGC": "NGC",
    "NGP": "NGP",
    "OPENBOR": "OPENBOR",
    "PALMOS": "PALMOS",
    "PANASONIC": "PANASONIC",
    "PC88": "PC88",
    "PC98": "PC98",
    "PCE": "PCE",
    "PCECD": "PCECD",
    "PCFX": "PCFX",
    "PGM": "PGM",
    "PICO": "PICO",
    "POKEMINI": "POKEMINI",
    "PS": "PS",
    "PSP": "PSP",
    "PSPMINIS": "PSPMINIS",
    "SATELLAVIEW": "SATELLAVIEW",
    "SATURN": "SATURN",
    "SCUMMVM": "SCUMMVM",
    "SEGA32X": "SEGA32X",
    "SEGACD": "SEGACD",
    "SFC": "SFC",
    "SFCMSU": "SFCMSU",
    "SFX": "SFX",
    "SG1000": "SG1000",
    "SGB": "SGB",
    "SUFAMI": "SUFAMI",
    "SUPERVISION": "SUPERVISION",
    "THOMSON": "THOMSON",
    "TI83": "TI83",
    "TIC": "TIC",
    "UZEBOX": "UZEBOX",
    "VB": "VB",
    "VECTREX": "VECTREX",
    "VIC20": "VIC20",
    "VIDEOPAC": "VIDEOPAC",
    "VIDEOTON": "VIDEOTON",
    "VMAC": "VMAC",
    "WS": "WS",
    "WSC": "WSC",
    "X1": "X1",
    "X68000": "X68000",
    "ZXS": "ZXS"
}